"Status","Exposure.Location","Street","Suburb","Date","Arrival.Time","Departure.Time","Contact","lat","lon","doubles","moved"
"New","Erindale Pharmacy","2 Denigan Street","Wanniassa","21/08/2021 - Saturday","2:10pm","2:45pm","Monitor",-35.4036955,149.0986671,"<strong/>!Location has more than<br> one entry. Zoom in and search table!</strong/>",TRUE
"New","Woolworths Wanniassa","50-68 Comrie Street","Wanniassa","21/08/2021 - Saturday","2:10pm","3:00pm","Monitor",-35.4035739,149.098802,"<strong/>!Location has more than<br> one entry. Zoom in and search table!</strong/>",TRUE
"New","Bright Bees Childcare","40 O'Hanlon Place","Nicholls","20/08/2021 - Friday","8:00am","5:00pm","Close",-35.1893609,149.0835924,"<strong/>!Location has more than<br> one entry. Zoom in and search table!</strong/>",TRUE
"New","Crust Pizza Wanniassa","Shop 9B/20 Gartside Street","Wanniassa","20/08/2021 - Friday","6:35pm","7:00pm","Monitor",-35.4058291,149.0994798,"",FALSE
"New","NewsXpress Wanniassa","2 Denigan Street","Wanniassa","20/08/2021 - Friday","12:30pm","1:20pm","Monitor",-35.4040526,149.0986255,"<strong/>!Location has more than<br> one entry. Zoom in and search table!</strong/>",TRUE
"New","Woolworths Wanniassa","50-68 Comrie Street","Wanniassa","20/08/2021 - Friday","12:10pm","1:00pm","Monitor",-35.4035739,149.098752,"<strong/>!Location has more than<br> one entry. Zoom in and search table!</strong/>",TRUE
"New","Woolworths Wanniassa","50-68 Comrie Street","Wanniassa","20/08/2021 - Friday","12:05pm","1:00pm","Monitor",-35.4035739,149.098702,"<strong/>!Location has more than<br> one entry. Zoom in and search table!</strong/>",TRUE
"","Wokitup Gungahlin","4/46 Hibberson Street","Gungahlin","20/08/2021 - Friday","6:05pm","6:55pm","Monitor",-35.1858901,149.1351855,"",FALSE
"New","Bright Bees Childcare","40 O'Hanlon Place","Nicholls","19/08/2021 - Thursday","8:00am","5:00pm","Close",-35.1893609,149.0835424,"<strong/>!Location has more than<br> one entry. Zoom in and search table!</strong/>",TRUE
"New","Coles Canberra Centre","148 Bunda Street","Canberra City","19/08/2021 - Thursday","7:50pm","8:45pm","Casual",-35.2802271,149.1333559,"<strong/>!Location has more than<br> one entry. Zoom in and search table!</strong/>",TRUE
"New","Guzman y Gomez Canberra Centre","148 Bunda Street","Canberra City","19/08/2021 - Thursday","2:45pm","10:00pm","Casual",-35.2786183,149.1332753,"<strong/>!Location has more than<br> one entry. Zoom in and search table!</strong/>",TRUE
"","Chemist Warehouse Belconnen Markets","2 Ibbott Lane","Belconnen","19/08/2021 - Thursday","5:50pm","6:40pm","Casual",-35.2461471,149.0646147,"<strong/>!Location has more than<br> one entry. Zoom in and search table!</strong/>",TRUE
"","Da Bronx","2/26 Francis Forde Boulevard","Forde","19/08/2021 - Thursday","5:50pm","6:40pm","Monitor",-35.1713718,149.1425953,"",FALSE
"New","85 Degrees","148 Bunda Street","Canberra City","18/08/2021 - Wednesday","1:00pm","2:00pm","Monitor",-35.2802938,149.1333387,"<strong/>!Location has more than<br> one entry. Zoom in and search table!</strong/>",TRUE
"New","85 Degrees","148 Bunda Street","Canberra City","18/08/2021 - Wednesday","4:00pm","4:30pm","Monitor",-35.2802938,149.1332887,"<strong/>!Location has more than<br> one entry. Zoom in and search table!</strong/>",TRUE
"New","Bright Bees Childcare","40 O'Hanlon Place","Nicholls","18/08/2021 - Wednesday","8:00am","5:00pm","Close",-35.1893609,149.0834924,"<strong/>!Location has more than<br> one entry. Zoom in and search table!</strong/>",TRUE
"New","Canberra Centre","148 Bunda Street","Canberra City","18/08/2021 - Wednesday","1:00pm","5:00pm","Monitor",-35.2802938,149.1332387,"<strong/>!Location has more than<br> one entry. Zoom in and search table!</strong/>",TRUE
"New","Erindale Pharmacy","2 Denigan Street","Wanniassa","18/08/2021 - Wednesday","11:00am","11:30am","Monitor",-35.4036955,149.0986171,"<strong/>!Location has more than<br> one entry. Zoom in and search table!</strong/>",TRUE
"New","Guzman y Gomez Canberra Centre","148 Bunda Street","Canberra City","18/08/2021 - Wednesday","2:45pm","10:00pm","Casual",-35.2786183,149.1332253,"<strong/>!Location has more than<br> one entry. Zoom in and search table!</strong/>",TRUE
"New","Oliver Brown Canberra Centre","148 Bunda Street","Canberra City","18/08/2021 - Wednesday","4:15pm","5:10pm","Casual",-35.2781451,149.1324885,"",FALSE
"New","The Butcher Shop Wanniassa","60 Comrie Street","Wanniassa","18/08/2021 - Wednesday","11:15am","12:00pm","Monitor",-35.4036552,149.0991178,"",FALSE
"New","Westfield Belconnen","Westfield Belconnen, Benjamin Way","Belconnen","18/08/2021 - Wednesday","12:00pm","2:00pm","Monitor",-35.2380765,149.0653672,"<strong/>!Location has more than<br> one entry. Zoom in and search table!</strong/>",TRUE
"New","Woolworths Wanniassa","50-68 Comrie Sreet","Wanniassa","18/08/2021 - Wednesday","11:00am","11:40am","Monitor",-35.4035739,149.098652,"<strong/>!Location has more than<br> one entry. Zoom in and search table!</strong/>",TRUE
"New","Bright Bees Childcare","40 O'Hanlon Place","Nicholls","17/08/2021 - Tuesday","8:00am","5:00pm","Close",-35.1893609,149.0834424,"<strong/>!Location has more than<br> one entry. Zoom in and search table!</strong/>",TRUE
"New","Chemist Warehouse Phillip","24 Corinna Street","Phillip","17/08/2021 - Tuesday","12:50pm","1:30pm","Monitor",-35.345342,149.0838052,"",FALSE
"New","Coles Canberra Centre","148 Bunda Street","Canberra City","17/08/2021 - Tuesday","2:30pm","3:30pm","Casual",-35.2802271,149.1333059,"<strong/>!Location has more than<br> one entry. Zoom in and search table!</strong/>",TRUE
"New","Guzman y Gomez Canberra Centre","148 Bunda Street","Canberra City","17/08/2021 - Tuesday","8:00am","11:00pm","Casual",-35.2786183,149.1331753,"<strong/>!Location has more than<br> one entry. Zoom in and search table!</strong/>",TRUE
"","Bunnings Belconnen","15 Lathlain Street","Belconnen","17/08/2021 - Tuesday","3:45pm","4:35pm","Casual",-35.2444848,149.0638378,"<strong/>!Location has more than<br> one entry. Zoom in and search table!</strong/>",TRUE
"","Chemist Warehouse Belconnen Markets","2 Ibbott Lane","Belconnen","17/08/2021 - Tuesday","4:20pm","5:10pm","Casual",-35.2461471,149.0645647,"<strong/>!Location has more than<br> one entry. Zoom in and search table!</strong/>",TRUE
"","Coles Belconnen","Westfield Belconnen, Benjamin Way","Belconnen","17/08/2021 - Tuesday","11:55am","12:45pm","Casual",-35.237949,149.064912,"<strong/>!Location has more than<br> one entry. Zoom in and search table!</strong/>",TRUE
"","Gift n Lotto Xpress","Westfield Belconnen, Benjamin Way","Belconnen","17/08/2021 - Tuesday","11:20am","12:15pm","Casual",-35.2380765,149.0653172,"<strong/>!Location has more than<br> one entry. Zoom in and search table!</strong/>",TRUE
"","Ginninderra Early Childhood Centre","Swanson Court","Belconnen","17/08/2021 - Tuesday","11:00am","5:20pm","Close",-35.239106,149.0696107,"",FALSE
"","Guardian Pharmacy Belconnen","Westfield Belconnen, Benjamin Way","Belconnen","17/08/2021 - Tuesday","11:45am","12:20pm","Casual",-35.2375421,149.0669633,"",FALSE
"","Reject Shop Belconnen","Westfield Belconnen, Benjamin Way","Belconnen","17/08/2021 - Tuesday","11:45am","12:20pm","Casual",-35.2380765,149.0652672,"<strong/>!Location has more than<br> one entry. Zoom in and search table!</strong/>",TRUE
"","Westfield Belconnen","Westfield Belconnen, Benjamin Way","Belconnen","17/08/2021 - Tuesday","11:10am","12:30pm","Monitor",-35.2380765,149.0652172,"<strong/>!Location has more than<br> one entry. Zoom in and search table!</strong/>",TRUE
"New","China Tea House","2/38-70 Gartside Street","Wanniassa","16/08/2021 - Monday","6:40pm","7:20pm","Monitor",-35.4056997,149.1010506,"",FALSE
"New","Guzman y Gomez Canberra Centre","148 Bunda Street","Canberra City","16/08/2021 - Monday","6:30am","8:30pm","Casual",-35.2786183,149.1331253,"<strong/>!Location has more than<br> one entry. Zoom in and search table!</strong/>",TRUE
"New","NewsXpress Wanniassa","2 Denigan Street","Wanniassa","16/08/2021 - Monday","11:40am","12:20pm","Monitor",-35.4040526,149.0985755,"<strong/>!Location has more than<br> one entry. Zoom in and search table!</strong/>",TRUE
"New","Woolworths Cooleman Court","Brierly Street","Weston Creek","16/08/2021 - Monday","12:45pm","1:30pm","Monitor",-35.340765,149.052731,"<strong/>!Location has more than<br> one entry. Zoom in and search table!</strong/>",TRUE
"New","Woolworths Wanniassa","50-68 Comrie Street","Wanniassa","16/08/2021 - Monday","11:45am","12:35pm","Monitor",-35.4035739,149.098602,"<strong/>!Location has more than<br> one entry. Zoom in and search table!</strong/>",TRUE
"New","Zambrero Weston Creek","14 Brierly Street","Weston Creek","16/08/2021 - Monday","1:00pm","1:40pm","Monitor",-35.3420891,149.0524454,"",FALSE
"","7-Eleven Mawson","1 Mawson Place","Mawson","16/08/2021 - Monday","12:00pm","1:30pm","Casual",-35.365172,149.0936873,"",FALSE
"","ALDI Belconnen","Westfield Belconnen, Benjamin Way","Belconnen","16/08/2021 - Monday","6:40pm","7:40pm","Casual",-35.2380765,149.0651672,"<strong/>!Location has more than<br> one entry. Zoom in and search table!</strong/>",TRUE
"","BWS Belconnen","Westfield Belconnen, Benjamin Way","Belconnen","16/08/2021 - Monday","7:30pm","8:20pm","Casual",-35.2394878,149.0654861,"",FALSE
"","Easi Mart","45 Eastlake Parade","Kingston","16/08/2021 - Monday","4:50pm","5:50pm","Casual",-35.3139653,149.1471622,"",FALSE
"","Food Forum","Westfield Belconnen, Benjamin Way","Belconnen","16/08/2021 - Monday","7:10pm","7:50pm","Casual",-35.2385072,149.0644201,"",FALSE
"","IGA O'Connor","3 Sargood Street","O'Connor","16/08/2021 - Monday","3:15pm","4:15pm","Casual",-35.2641187,149.1223094,"<strong/>!Location has more than<br> one entry. Zoom in and search table!</strong/>",TRUE
"","Jiparu Cellars","96 Wollongong Street","Fyshwick","16/08/2021 - Monday","2:45pm","3:45pm","Monitor",-35.3232079,149.1781779,"",FALSE
"","McDonalds Braddon","Cnr Cooyong & Mort Streets","Braddon","16/08/2021 - Monday","10:15am","10:40am","Casual",-35.277958,149.1341026,"",FALSE
"","Woolworths Belconnen","Westfield Belconnen, Benjamin Way","Belconnen","16/08/2021 - Monday","7:10pm","8:00pm","Casual",-35.2386596,149.0653762,"<strong/>!Location has more than<br> one entry. Zoom in and search table!</strong/>",TRUE
"","Woolworths Belconnen","Westfield Belconnen, Benjamin Way","Belconnen","16/08/2021 - Monday","4:40pm","6:00pm","Casual",-35.2386596,149.0653262,"<strong/>!Location has more than<br> one entry. Zoom in and search table!</strong/>",TRUE
"","Acai Brothers Canberra Centre","Bunda Street","Canberra City","15/08/2021 - Sunday","9:55am","10:05am","Casual",-35.2785479,149.1333424,"",FALSE
"","ALDI Belconnen","Westfield Belconnen, Benjamin Way","Belconnen","15/08/2021 - Sunday","5:10pm","6:00pm","Casual",-35.2380765,149.0651172,"<strong/>!Location has more than<br> one entry. Zoom in and search table!</strong/>",TRUE
"","ALDI Canberra Centre","Bunda Street","Canberra City","15/08/2021 - Sunday","9:15am","10:15am","Casual",-35.2791458,149.1342906,"",FALSE
"","Bunnings Belconnen","15 Lathlain Street","Belconnen","15/08/2021 - Sunday","5:20pm","5:45pm","Monitor",-35.2444848,149.0637878,"<strong/>!Location has more than<br> one entry. Zoom in and search table!</strong/>",TRUE
"","Coles Gungahlin","Gungahlin Place","Gungahlin","15/08/2021 - Sunday","9:30am","10:00am","Casual",-35.1862806,149.136017,"",FALSE
"","Coles Manuka","Franklin Street & Flinders Way","Griffith","15/08/2021 - Sunday","11:15am","12:00pm","Monitor",-35.3210247,149.1342446,"<strong/>!Location has more than<br> one entry. Zoom in and search table!</strong/>",TRUE
"","Daily Market","137/43 Hibberson Street","Gungahlin","15/08/2021 - Sunday","10:00am","10:30am","Casual",-35.1854965,149.1363642,"",FALSE
"","Dan Murphy's Dickson","44 Dickson Place","Dickson","15/08/2021 - Sunday","12:20pm","12:50pm","Monitor",-35.2504152,149.1401934,"",FALSE
"","Dominos Gungahlin","3/8 Ernest Cavanagh Street","Gungahlin","15/08/2021 - Sunday","1:50pm","2:10pm","Casual",-35.183993,149.131686,"",FALSE
"","IGA O'Connor","3 Sargood Street","O'Connor","15/08/2021 - Sunday","5:30pm","6:00pm","Monitor",-35.2641187,149.1222594,"<strong/>!Location has more than<br> one entry. Zoom in and search table!</strong/>",TRUE
"","LDK Greenway Views","260 Soward Way","Greenway","15/08/2021 - Sunday","12:00am","11:59pm","Close",-35.4197317,149.0633775,"<strong/>!Location has more than<br> one entry. Zoom in and search table!</strong/>",TRUE
"","Spence Grocer","1 Glassey place","Spence","15/08/2021 - Sunday","9:30am","9:50am","Casual",-35.1947447,149.0616483,"<strong/>!Location has more than<br> one entry. Zoom in and search table!</strong/>",TRUE
"","Woolworths Dickson","1 Dickson Place","Dickson","15/08/2021 - Sunday","12:00pm","12:30pm","Casual",-35.249974,149.1387251,"<strong/>!Location has more than<br> one entry. Zoom in and search table!</strong/>",TRUE
"","7-Eleven Casey","10 Kingsland Parade","Casey","14/08/2021 - Saturday","7:30am","8:15am","Casual",-35.175773,149.0957326,"",FALSE
"","About Health","2/22-25 Dickson Place","Dickson","14/08/2021 - Saturday","2:40pm","5:00pm","Casual",-35.2506067,149.1392435,"",FALSE
"","Capital Chemist O'Connor","9 Sargood Street","O'Connor","14/08/2021 - Saturday","7:55pm","8:10pm","Monitor",-35.2639132,149.122611,"<strong/>!Location has more than<br> one entry. Zoom in and search table!</strong/>",TRUE
"","Coles Belconnen","Westfield Belconnen, Benjamin Way","Belconnen","14/08/2021 - Saturday","9:20am","10:00am","Casual",-35.237949,149.064862,"<strong/>!Location has more than<br> one entry. Zoom in and search table!</strong/>",TRUE
"","First Choice Liquor, Braddon","48 Mort Street","Braddon","14/08/2021 - Saturday","7:45pm","8:05pm","Monitor",-35.2716667,149.1319694,"<strong/>!Location has more than<br> one entry. Zoom in and search table!</strong/>",TRUE
"","Hungry Jacks Belconnen","108 Emu Bank Road","Belconnen","14/08/2021 - Saturday","8:00am","3:15pm","Close",-35.2363112,149.0704104,"<strong/>!Location has more than<br> one entry. Zoom in and search table!</strong/>",TRUE
"","Hungry Jacks Gungahlin","Gibberson Street","Gungahlin","14/08/2021 - Saturday","7:20pm","7:40pm","Casual",-35.1834112,149.1267535,"",FALSE
"","IGA Lyneham","1 Wattle Place","Lyneham","14/08/2021 - Saturday","4:15pm","5:00pm","Casual",-35.2520717,149.1249094,"<strong/>!Location has more than<br> one entry. Zoom in and search table!</strong/>",TRUE
"","LDK Greenway Views","260 Soward Way","Greenway","14/08/2021 - Saturday","12:00am","11:59pm","Close",-35.4197317,149.0633275,"<strong/>!Location has more than<br> one entry. Zoom in and search table!</strong/>",TRUE
"","Meatways Kambah Butcher","Marconi Crescent","Kambah","14/08/2021 - Saturday","1:20pm","2:00pm","Monitor",-35.380305,149.057822,"",FALSE
"","Oriental Kitchen Charnwood","Charnwood Place","Charnwood","14/08/2021 - Saturday","6:55pm","7:35pm","Monitor",-35.2041918,149.0330466,"",FALSE
"","Spence Grocer","1 Glassey place","Spence","14/08/2021 - Saturday","12:40pm","1:10pm","Casual",-35.1947447,149.0615983,"<strong/>!Location has more than<br> one entry. Zoom in and search table!</strong/>",TRUE
"","The Source Bulk Foods","Shop 7/7, 30 Dickson Place","Dickson","14/08/2021 - Saturday","2:45pm","3:10pm","Casual",-35.2506133,149.1397664,"",FALSE
"","Woolworths Bonner","61 Mabo Boulevard","Bonner","14/08/2021 - Saturday","11:15am","12:00pm","Casual",-35.1613889,149.1389139,"<strong/>!Location has more than<br> one entry. Zoom in and search table!</strong/>",TRUE
"","Woolworths Charnwood","25-30 Charnwood Place","Charnwood","14/08/2021 - Saturday","1:00pm","3:00pm","Casual",-35.2045295,149.0328828,"<strong/>!Location has more than<br> one entry. Zoom in and search table!</strong/>",TRUE
"","Woolworths Dickson","1 Dickson Place","Dickson","14/08/2021 - Saturday","11:20am","11:50am","Casual",-35.249974,149.1386751,"<strong/>!Location has more than<br> one entry. Zoom in and search table!</strong/>",TRUE
"","Woolworths Dickson","1 Dickson Place","Dickson","14/08/2021 - Saturday","2:50pm","3:40pm","Casual",-35.249974,149.1386251,"<strong/>!Location has more than<br> one entry. Zoom in and search table!</strong/>",TRUE
"","Woolworths Kambah","2 Primmer Court","Kambah","14/08/2021 - Saturday","2:00pm","2:30pm","Casual",-35.3801801,149.0572697,"",FALSE
"","7-Eleven Phillip","86 Parramatta Street","Phillip","13/08/2021 - Friday","10:55am","11:10am","Monitor",-35.3550615,149.0911059,"",FALSE
"","ALDI Belconnen","Westfield Belconnen, Benjamin Way","Belconnen","13/08/2021 - Friday","8:45am","9:20am","Casual",-35.2380765,149.0650672,"<strong/>!Location has more than<br> one entry. Zoom in and search table!</strong/>",TRUE
"","ALDI Belconnen","Westfield Belconnen, Benjamin Way","Belconnen","13/08/2021 - Friday","2:00pm","2:25pm","Casual",-35.2380765,149.0650172,"<strong/>!Location has more than<br> one entry. Zoom in and search table!</strong/>",TRUE
"","ALDI Weston Creek","Brierly Street","Weston Creek","13/08/2021 - Friday","6:00pm","6:30pm","Casual",-35.3414467,149.0525899,"",FALSE
"","Bus Route 66 Transport Canberra Code BUS643","Coombs to Woden Intechange","Public Transport","13/08/2021 - Friday","12:21pm","12:33pm","Casual",-35.3444429,149.0873192,"<strong/>!Location has more than<br> one entry. Zoom in and search table!</strong/>",TRUE
"","Bus Route 70 Transport Canberra Code BUS321","Woden Interchange to Kambah","Public Transport","13/08/2021 - Friday","12:57pm","1:15pm","Casual",-35.3444429,149.0872692,"<strong/>!Location has more than<br> one entry. Zoom in and search table!</strong/>",TRUE
"","Capital Chemist O’Connor","9 Sargood Street","O’Connor","13/08/2021 - Friday","9:35am","10:00am","Casual",-35.2639132,149.122561,"<strong/>!Location has more than<br> one entry. Zoom in and search table!</strong/>",TRUE
"","Coles Amaroo","Horse Park Drive","Amaroo","13/08/2021 - Friday","11:30am","1:00pm","Casual",-35.1646128,149.1318066,"<strong/>!Location has more than<br> one entry. Zoom in and search table!</strong/>",TRUE
"","Coles Belconnen","Westfield Belconnen, Benjamin Way","Belconnen","13/08/2021 - Friday","9:35am","10:00am","Casual",-35.237949,149.064812,"<strong/>!Location has more than<br> one entry. Zoom in and search table!</strong/>",TRUE
"","Coles Belconnen","Westfield Belconnen, Benjamin Way","Belconnen","13/08/2021 - Friday","2:15pm","2:45pm","Casual",-35.237949,149.064762,"<strong/>!Location has more than<br> one entry. Zoom in and search table!</strong/>",TRUE
"","Coles Canberra City","Bunda Street","Canberra City","13/08/2021 - Friday","6:55pm","7:30pm","Casual",-35.2784476,149.1343475,"",FALSE
"","Coles Express Charnwood","Lhotsky Street & Charnwood Place","Charnwood","13/08/2021 - Friday","2:30pm","3:10pm","Monitor",-35.1991567,149.0309068,"",FALSE
"","Costco Majura Park","39-41 Mustang Avenue","Majura Park","13/08/2021 - Friday","12:00pm","1:00pm","Casual",-35.2972375,149.1905839,"",FALSE
"","Crust Pizza Braddon","28 Mort Street","Braddon","13/08/2021 - Friday","5:30pm","5:45pm","Casual",-35.2746249,149.1314767,"",FALSE
"","Elite Supplements","Westfield Belconnen, Benjamin Way","Belconnen","13/08/2021 - Friday","2:30pm","2:45pm","Casual",-35.2383723,149.0649988,"",FALSE
"","Food Works Weston Creek","40 Holder Place","Holder","13/08/2021 - Friday","5:00pm","5:10pm","Monitor",-35.3365862,149.0440993,"",FALSE
"","Ginninderra Medical & Dental Centre - The general practice section ONLY","Cnr Nettlefold Street & Coulter Drive","Belconnen","13/08/2021 - Friday","3:10pm","3:40pm","Close",-35.2395175,149.0576203,"",FALSE
"","Hawker Drive In Bottle Shop","Belconnen Way & Springvale Drive","Hawker","13/08/2021 - Friday","4:45pm","5:00pm","Monitor",-35.2426147,149.0449504,"",FALSE
"","Hungry Jacks Belconnen","108 Emu Bank Road","Belconnen","13/08/2021 - Friday","3:45pm","11:30pm","Close",-35.2363112,149.0703604,"<strong/>!Location has more than<br> one entry. Zoom in and search table!</strong/>",TRUE
"","IGA Evatt","Heydon Place","Evatt","13/08/2021 - Friday","11:45am","8:15pm","Casual",-35.2090949,149.0738421,"<strong/>!Location has more than<br> one entry. Zoom in and search table!</strong/>",TRUE
"","IGA Lyneham","1 Wattle Place","Lyneham","13/08/2021 - Friday","11:00am","11:45am","Monitor",-35.2520717,149.1248594,"<strong/>!Location has more than<br> one entry. Zoom in and search table!</strong/>",TRUE
"","Kopiku","1/5 Sargood Street","O’Connor","13/08/2021 - Friday","9:45am","10:15am","Casual",-35.2640694,149.1224283,"",FALSE
"","LDK Greenway Views","260 Soward Way","Greenway","13/08/2021 - Friday","12:00am","11:59pm","Close",-35.4197317,149.0632775,"<strong/>!Location has more than<br> one entry. Zoom in and search table!</strong/>",TRUE
"","Lennock Jaguar Land Rover","126 Melrose Drive","Phillip","13/08/2021 - Friday","8:30am","5:30pm","Close",-35.356842,149.0892491,"<strong/>!Location has more than<br> one entry. Zoom in and search table!</strong/>",TRUE
"","Liquorland Amaroo","Horse Park Drive","Amaroo","13/08/2021 - Friday","12:00pm","12:30pm","Casual",-35.1647474,149.1320463,"",FALSE
"","McDonalds Lyneham","661 Northbourne Avenue","Lyneham","13/08/2021 - Friday","6:40pm","7:00pm","Casual",-35.2304555,149.1503226,"",FALSE
"","Officeworks Fyshwick","1 Whyalla Street","Fyshwick","13/08/2021 - Friday","5:25pm","6:05pm","Casual",-35.3343363,149.1715514,"",FALSE
"","Supabarn Casey","15 Kingsland Parade","Casey","13/08/2021 - Friday","3:00pm","3:34pm","Casual",-35.1741413,149.0960754,"<strong/>!Location has more than<br> one entry. Zoom in and search table!</strong/>",TRUE
"","Westfield Belconnen","Westfield Belconnen, Benjamin Way","Belconnen","13/08/2021 - Friday","8:45am","10:15am","Monitor",-35.2380765,149.0649672,"<strong/>!Location has more than<br> one entry. Zoom in and search table!</strong/>",TRUE
"","Westfield Belconnen","Westfield Belconnen, Benjamin Way","Belconnen","13/08/2021 - Friday","1:30pm","2:50pm","Monitor",-35.2380765,149.0649172,"<strong/>!Location has more than<br> one entry. Zoom in and search table!</strong/>",TRUE
"","Westfield Post Office","Westfield Belconnen, Benjamin Way","Belconnen","13/08/2021 - Friday","9:50am","10:15am","Casual",-35.238743,149.0661145,"",FALSE
"","Woden Bus Interchange","Bowes Street","Phillip","13/08/2021 - Friday","12:33pm","12:57pm","Monitor",-35.3444429,149.0872192,"<strong/>!Location has more than<br> one entry. Zoom in and search table!</strong/>",TRUE
"","Woolworths Belconnen","Westfield Belconnen, Benjamin Way","Belconnen","13/08/2021 - Friday","9:05am","9:45am","Casual",-35.2386596,149.0652762,"<strong/>!Location has more than<br> one entry. Zoom in and search table!</strong/>",TRUE
"","Woolworths Belconnen","Westfield Belconnen, Benjamin Way","Belconnen","13/08/2021 - Friday","1:45pm","2:10pm","Casual",-35.2386596,149.0652262,"<strong/>!Location has more than<br> one entry. Zoom in and search table!</strong/>",TRUE
"","Woolworths Bonner","61 Mabo Boulevard","Bonner","13/08/2021 - Friday","11:15am","12:00pm","Casual",-35.1613889,149.1388639,"<strong/>!Location has more than<br> one entry. Zoom in and search table!</strong/>",TRUE
"","Woolworths Weston Creek","Brierly Street","Weston Creek","13/08/2021 - Friday","6:20pm","7:00pm","Casual",-35.340765,149.052681,"<strong/>!Location has more than<br> one entry. Zoom in and search table!</strong/>",TRUE
"","Woolworths Weston Creek","Brierly Street","Weston Creek","13/08/2021 - Friday","10:30am","12:00pm","Monitor",-35.340765,149.052631,"<strong/>!Location has more than<br> one entry. Zoom in and search table!</strong/>",TRUE
"","Woolworths Gungahlin","30 Hibberson Street","Gungahlin","12/08/2021 - Thursday","3:30pm","5:05pm","Casual",-35.1846274,149.1340141,"<strong/>!Location has more than<br> one entry. Zoom in and search table!</strong/>",TRUE
"","7-Eleven Braddon","20 Mort Street","Braddon","12/08/2021 - Thursday","3:45pm","4:00pm","Casual",-35.275691,149.1316908,"<strong/>!Location has more than<br> one entry. Zoom in and search table!</strong/>",TRUE
"","Abode Hotel (Floors 1, 2 and 3)","14 Kennedy Street","Kingston","12/08/2021 - Thursday","12:00am","7:00pm","Casual",-35.31713,149.141155,"<strong/>!Location has more than<br> one entry. Zoom in and search table!</strong/>",TRUE
"","Abode Hotel (Ground Floor only)","14 Kennedy Street","Kingston","12/08/2021 - Thursday","7:50am","7:00pm","Monitor",-35.31713,149.141105,"<strong/>!Location has more than<br> one entry. Zoom in and search table!</strong/>",TRUE
"","ALDI Belconnen","Westfield Belconnen, Benjamin Way","Belconnen","12/08/2021 - Thursday","3:50pm","4:50pm","Close",-35.2380765,149.0648672,"<strong/>!Location has more than<br> one entry. Zoom in and search table!</strong/>",TRUE
"","ALDI Kippax","50-60 Hardwick Crescent","Holt","12/08/2021 - Thursday","1:20pm","2:00pm","Monitor",-35.2210845,149.0192219,"",FALSE
"","Ampol Braddon","5 Lonsdale Street","Braddon","12/08/2021 - Thursday","3:00pm","3:30pm","Monitor",-35.2710315,149.1334298,"",FALSE
"","Beyond Pharmacy","4/18 Lonsdale Street","Braddon","12/08/2021 - Thursday","3:45pm","4:00pm","Casual",-35.2736557,149.132945,"",FALSE
"","Big W Gungahlin","Gozzard Street","Gungahlin","12/08/2021 - Thursday","2:40pm","3:00pm","Casual",-35.1858957,149.1336719,"<strong/>!Location has more than<br> one entry. Zoom in and search table!</strong/>",TRUE
"","Bus Route 10 Transport Canberra Code BUS687","Coombs to City (Commonwealth Ave)","Public Transport","12/08/2021 - Thursday","7:16am","7:31am","Casual",-35.2933,149.1269703,"",FALSE
"","Bus Route 19 Transport Canberra Code BUS668","Gungahlin to Bonner","Public Transport","12/08/2021 - Thursday","5:00pm","5:30pm","Casual",-35.16413,149.13327,"<strong/>!Location has more than<br> one entry. Zoom in and search table!</strong/>",TRUE
"","Bus Route 2 Transport Canberra Code BUS719","City (Regatta Point) to Fyshwick","Public Transport","12/08/2021 - Thursday","7:41am","7:57am","Casual",-35.2809368,149.1303342,"<strong/>!Location has more than<br> one entry. Zoom in and search table!</strong/>",TRUE
"","Bus Route 25 Transport Canberra Code BUS585","Gungahlin to Moncrieff","Public Transport","12/08/2021 - Thursday","4:02pm","4:14pm","Casual",-35.2809368,149.1302842,"<strong/>!Location has more than<br> one entry. Zoom in and search table!</strong/>",TRUE
"","Bus Route 26 Transport Canberra Code BUS433","Amaroo to Gungahlin","Public Transport","12/08/2021 - Thursday","7:56am","8:07am","Casual",-35.2809368,149.1302342,"<strong/>!Location has more than<br> one entry. Zoom in and search table!</strong/>",TRUE
"","Bus Route 26 Transport Canberra Code BUS433","Moncrieff to Gungahlin","Public Transport","12/08/2021 - Thursday","7:51am","8:07am","Casual",-35.2809368,149.1301842,"<strong/>!Location has more than<br> one entry. Zoom in and search table!</strong/>",TRUE
"","Bus Route 45 Transport Canberra Code BUS617","Weetangera to Belconnen","Public Transport","12/08/2021 - Thursday","10:30am","10:40am","Casual",-35.25,149.049025,"<strong/>!Location has more than<br> one entry. Zoom in and search table!</strong/>",TRUE
"","Bus Route 45 Transport Canberra Code BUS653","Belconnen to Weetangera","Public Transport","12/08/2021 - Thursday","8:30am","8:50am","Casual",-35.25,149.048975,"<strong/>!Location has more than<br> one entry. Zoom in and search table!</strong/>",TRUE
"","Bus Route 66 Transport Canberra Code BUS641","Woden Interchange to Coombs","Public Transport","12/08/2021 - Thursday","1:04pm","1:19pm","Casual",-35.3444429,149.0871692,"<strong/>!Location has more than<br> one entry. Zoom in and search table!</strong/>",TRUE
"","Bus Route 8 Transport Canberra Code BUS580","Belconnen to Gunghalin","Public Transport","12/08/2021 - Thursday","11:15am","11:45am","Casual",-35.2809368,149.1301342,"<strong/>!Location has more than<br> one entry. Zoom in and search table!</strong/>",TRUE
"","Bus Route 8 Transport Canberra Code BUS657","Gungahlin to Belconnen","Public Transport","12/08/2021 - Thursday","8:00am","8:30am","Casual",-35.2809368,149.1300842,"<strong/>!Location has more than<br> one entry. Zoom in and search table!</strong/>",TRUE
"","IGA O'Connor","Dickson Interchange to Watson","Public Transport","12/08/2021 - Thursday","3:26pm","3:35pm","Casual",-35.250558,149.134139,"<strong/>!Location has more than<br> one entry. Zoom in and search table!</strong/>",TRUE
"","IGA Melba","Watson to Dickson Interchange","Public Transport","12/08/2021 - Thursday","8:20am","8:34am","Casual",-35.250558,149.134089,"<strong/>!Location has more than<br> one entry. Zoom in and search table!</strong/>",TRUE
"","Bus Route 9 Transport Canberra Code BUS456","Watson to Dickson Interchange","Public Transport","12/08/2021 - Thursday","8:25am","8:34am","Casual",-35.250558,149.134039,"<strong/>!Location has more than<br> one entry. Zoom in and search table!</strong/>",TRUE
"","IGA Lyneham","Dickson Interchange to Watson","Public Transport","12/08/2021 - Thursday","3:18pm","3:32pm","Casual",-35.250558,149.133989,"<strong/>!Location has more than<br> one entry. Zoom in and search table!</strong/>",TRUE
"","CIT Bruce Campus (Building H - Library Only)","1 Jack Fleming Place","Bruce","12/08/2021 - Thursday","12:00pm","4:30pm","Close",-35.2478586,149.096056,"<strong/>!Location has more than<br> one entry. Zoom in and search table!</strong/>",TRUE
"","CIT Bruce Campus (Building H only)","1 Jack Fleming Place","Bruce","12/08/2021 - Thursday","12:00pm","4:30pm","Casual",-35.2478586,149.096006,"<strong/>!Location has more than<br> one entry. Zoom in and search table!</strong/>",TRUE
"","CIT Bruce Campus (Entire campus, refer to Close Contacts entry if attended Building H)","35 Vowels Crescent","Bruce","12/08/2021 - Thursday","12:00pm","4:30pm","Monitor",-35.2481112,149.0947383,"<strong/>!Location has more than<br> one entry. Zoom in and search table!</strong/>",TRUE
"","CIT Reid Campus (Entire campus)","37 Constitution Avenue","Reid","12/08/2021 - Thursday","9:00am","2:30pm","Close",-35.2860802,149.1374575,"<strong/>!Location has more than<br> one entry. Zoom in and search table!</strong/>",TRUE
"","Coffee Guru Canberra Centre","Shop K05, 148 Bunda Street","Canberra City","12/08/2021 - Thursday","10:45am","12:00pm","Close",-35.2802271,149.1332559,"<strong/>!Location has more than<br> one entry. Zoom in and search table!</strong/>",TRUE
"","Coles Express Belconnen","Lathlain Street and Wignall Place","Belconnen","12/08/2021 - Thursday","7:50am","8:10am","Casual",-35.242649,149.063986,"",FALSE
"","Coles Gungahlin","Cnr Hibberson Street & Gungahlin Place","Gungahlin","12/08/2021 - Thursday","3:00pm","3:45pm","Casual",-35.1850164,149.1326257,"",FALSE
"","Coles Gungahlin","Hibberson Street","Gungahlin","12/08/2021 - Thursday","3:30pm","4:15pm","Casual",-35.1868916,149.1367644,"",FALSE
"","Coles Kaleen","1 Maribyrnong Avenue","Kaleen","12/08/2021 - Thursday","12:45pm","2:45pm","Close",-35.2202787,149.1028228,"",FALSE
"","Commonwealth Bank Gungahlin","Shop 23-25, 33 Hibberson Street","Gungahlin","12/08/2021 - Thursday","3:00pm","3:20pm","Casual",-35.1853356,149.1347038,"<strong/>!Location has more than<br> one entry. Zoom in and search table!</strong/>",TRUE
"","Commonwealth Bank Gungahlin","Shop 23-25, 33 Hibberson Street","Gungahlin","12/08/2021 - Thursday","9:30am","10:00am","Close",-35.1853356,149.1346538,"<strong/>!Location has more than<br> one entry. Zoom in and search table!</strong/>",TRUE
"","EQ Bakehouse","70 Kent Street","Deakin","12/08/2021 - Thursday","7:00am","10:00am","Casual",-35.3204751,149.0974481,"<strong/>!Location has more than<br> one entry. Zoom in and search table!</strong/>",TRUE
"","F45 Training","10 National Circuit","Barton","12/08/2021 - Thursday","5:00am","8:00am","Close",-35.3085945,149.1339674,"<strong/>!Location has more than<br> one entry. Zoom in and search table!</strong/>",TRUE
"","Franklin General Practice","54 Nullarbor Avenue","Franklin","12/08/2021 - Thursday","2:15pm","3:15pm","Close",-35.2007392,149.1471045,"",FALSE
"","Gold Creek School (including Early Childhood Learning Centre)","Kelleway Avenue","Nicholls","12/08/2021 - Thursday","8:00am","3:10pm","Close",-35.1799885,149.0942036,"<strong/>!Location has more than<br> one entry. Zoom in and search table!</strong/>",TRUE
"","Golden Touch Kedmar, pop-up Gungahlin Marketplace","30 & 33 Hibberson Street","Gungahlin","12/08/2021 - Thursday","9:45am","10:30am","Casual",-35.1848509,149.1332138,"<strong/>!Location has more than<br> one entry. Zoom in and search table!</strong/>",TRUE
"","Grand Central Towers - communal pool area","15 Bowes Street","Phillip","12/08/2021 - Thursday","11:45am","12:45pm","Close",-35.343881,149.0869324,"<strong/>!Location has more than<br> one entry. Zoom in and search table!</strong/>",TRUE
"","Gungahlin Marketplace","30 Hibberson Street","Gungahlin","12/08/2021 - Thursday","11:30am","2:00pm","Monitor",-35.1846599,149.1347762,"",FALSE
"","Harrison School","20 Wimmera Street","Harrison","12/08/2021 - Thursday","8:30am","3:30pm","Close",-35.1996408,149.1523022,"<strong/>!Location has more than<br> one entry. Zoom in and search table!</strong/>",TRUE
"","Holy Sprit Catholic Primary School (including Early Childhood Learning Centre)","26 Kelleway Avenue","Nicholls","12/08/2021 - Thursday","8:00am","3:10pm","Casual",-35.180284,149.1012186,"<strong/>!Location has more than<br> one entry. Zoom in and search table!</strong/>",TRUE
"","IGA Lyneham","1 Wattle Place","Lyneham","12/08/2021 - Thursday","3:00pm","3:45pm","Casual",-35.2520717,149.1248094,"<strong/>!Location has more than<br> one entry. Zoom in and search table!</strong/>",TRUE
"","Iskia Athletic Club Campbell","81 Constitution Avenue Campbell","Campbell","12/08/2021 - Thursday","12:15pm","2:00pm","Close",-35.2920258,149.1460582,"",FALSE
"","KFC Fyshwick","188-205 Canberra Avenue","Fyshwick","12/08/2021 - Thursday","11:15am","12:50pm","Close",-35.3254421,149.1543809,"",FALSE
"","Lawrence & Hanson Mitchell","2/67-71 Vicars Street","Mitchell","12/08/2021 - Thursday","7:30am","8:00am","Close",-35.2100296,149.1397955,"<strong/>!Location has more than<br> one entry. Zoom in and search table!</strong/>",TRUE
"","Lawrence & Hanson Mitchell","2/67-71 Vicars Street","Mitchell","12/08/2021 - Thursday","12:40pm","1:00pm","Close",-35.2100296,149.1397455,"<strong/>!Location has more than<br> one entry. Zoom in and search table!</strong/>",TRUE
"","LDK Greenway Views","260 Soward Way","Greenway","12/08/2021 - Thursday","12:00am","11:59pm","Close",-35.4197317,149.0632275,"<strong/>!Location has more than<br> one entry. Zoom in and search table!</strong/>",TRUE
"","Lennock Jaguar Land Rover","126 Melrose Drive","Phillip","12/08/2021 - Thursday","8:30am","5:30pm","Close",-35.356842,149.0891991,"<strong/>!Location has more than<br> one entry. Zoom in and search table!</strong/>",TRUE
"","Light Rail - R1 Transport Canberra Code LRV003","Gungahlin to Dickson Interchange","Public Transport","12/08/2021 - Thursday","8:20am","8:38am","Casual",-35.250558,149.133939,"<strong/>!Location has more than<br> one entry. Zoom in and search table!</strong/>",TRUE
"","Light Rail - R1 Transport Canberra Code LRV005","Dickson Interchange to Gungahlin","Public Transport","12/08/2021 - Thursday","3:18pm","3:37pm","Casual",-35.250558,149.133889,"<strong/>!Location has more than<br> one entry. Zoom in and search table!</strong/>",TRUE
"","Light Rail - R1 Transport Canberra Code LRV005","Gunghalin to Well Station Dr","Public Transport","12/08/2021 - Thursday","1:40pm","1:47pm","Casual",-35.209041,149.1474403,"<strong/>!Location has more than<br> one entry. Zoom in and search table!</strong/>",TRUE
"","Light Rail - R1 Transport Canberra Code LRV011","Gungahlin to Dickson Interchange","Public Transport","12/08/2021 - Thursday","8:10am","8:27pm","Casual",-35.250558,149.133839,"<strong/>!Location has more than<br> one entry. Zoom in and search table!</strong/>",TRUE
"","Light Rail - R1 Transport Canberra Code LRV013","Well Station Dr to Gunghalin","Public Transport","12/08/2021 - Thursday","4:36pm","4:43pm","Casual",-35.209041,149.1473903,"<strong/>!Location has more than<br> one entry. Zoom in and search table!</strong/>",TRUE
"","Lyneham High School","Goodwin Street","Lyneham","12/08/2021 - Thursday","8:30am","3:30pm","Close",-35.2524674,149.130593,"<strong/>!Location has more than<br> one entry. Zoom in and search table!</strong/>",TRUE
"","Mawson Southland Quality Meats","1/93 Mawson Place","Mawson","12/08/2021 - Thursday","1:40pm","1:55pm","Casual",-35.365013,149.0941768,"",FALSE
"","McDonalds Charnwood","Cnr Charnwood Place & Lhotsky Place","Charnwood","12/08/2021 - Thursday","8:00am","8:45am","Casual",-35.2059467,149.0342738,"",FALSE
"","Melt","109 Flemington Road","Mitchell","12/08/2021 - Thursday","7:30am","8:00am","Close",-35.2204521,149.14453,"",FALSE
"","Mr Sushi Gungahlin Village","Gungahlin Village","Gungahlin","12/08/2021 - Thursday","4:00pm","4:15pm","Casual",-35.1848056,149.1344577,"",FALSE
"","Pellegrino’s Café","7/49 Wollongong Street","Fyshwick","12/08/2021 - Thursday","8:30am","8:35am","Close",-35.3247984,149.1795404,"<strong/>!Location has more than<br> one entry. Zoom in and search table!</strong/>",TRUE
"","Power Kart Raceway","125 Canberra Avenue","Griffith","12/08/2021 - Thursday","12:00pm","1:30pm","Casual",-35.3219801,149.1498728,"<strong/>!Location has more than<br> one entry. Zoom in and search table!</strong/>",TRUE
"","Priceline Pharmacy Amaroo","6 Pioneer Street","Amaroo","12/08/2021 - Thursday","5:00pm","6:45pm","Close",-35.164779,149.1324158,"",FALSE
"","Reject Shop Gungahlin Village","Shop 2, 46 Hibberson Street","Gungahlin","12/08/2021 - Thursday","3:45pm","4:10pm","Casual",-35.1863723,149.1359758,"",FALSE
"","Services Australia Gungahlin","5 Fussell Lane","Gungahlin","12/08/2021 - Thursday","3:10pm","3:30pm","Casual",-35.1837955,149.1353828,"",FALSE
"","Spence Grocer","1 Glassey place","Spence","12/08/2021 - Thursday","8:20am","8:50am","Casual",-35.1947447,149.0615483,"<strong/>!Location has more than<br> one entry. Zoom in and search table!</strong/>",TRUE
"","Spence Grocer","1 Glassey place","Spence","12/08/2021 - Thursday","3:20pm","3:50pm","Casual",-35.1947447,149.0614983,"<strong/>!Location has more than<br> one entry. Zoom in and search table!</strong/>",TRUE
"","St George Bank Gungahlin","30 Hibberson Street","Gungahlin","12/08/2021 - Thursday","2:40pm","3:10pm","Casual",-35.1855895,149.1341257,"",FALSE
"","St Thomas Aquinas Primary School","25 Lhotsky Street","Charnwood","12/08/2021 - Thursday","8:30am","4:00pm","Close",-35.2050332,149.030607,"",FALSE
"","TLE Electrical & Data supplies","22-36 Oatley Court","Belconnen","12/08/2021 - Thursday","7:30am","8:15am","Casual",-35.241658,149.0576673,"<strong/>!Location has more than<br> one entry. Zoom in and search table!</strong/>",TRUE
"","Vodafone Gungahlin","18 Hibberson Street","Gungahlin","12/08/2021 - Thursday","3:20pm","3:45pm","Casual",-35.1859633,149.1357952,"",FALSE
"","Westfield Belconnen","Westfield Belconnen, Benjamin Way","Belconnen","12/08/2021 - Thursday","7:30am","9:00am","Monitor",-35.2380765,149.0648172,"<strong/>!Location has more than<br> one entry. Zoom in and search table!</strong/>",TRUE
"","Westfield Belconnen Food Court","Westfield Belconnen, Benjamin Way","Belconnen","12/08/2021 - Thursday","10:00am","11:45am","Casual",-35.23793,149.0653,"",FALSE
"","Woolworths Belconnen","Westfield Belconnen, Benjamin Way","Belconnen","12/08/2021 - Thursday","4:15pm","5:00pm","Casual",-35.2386596,149.0651762,"<strong/>!Location has more than<br> one entry. Zoom in and search table!</strong/>",TRUE
"","Club Lime CISAC (gym only)","100 Eastern Valley Way","Bruce","11/08/2021 - Wednesday","4:45pm","7:15pm","Close",-35.2419584,149.0743897,"<strong/>!Location has more than<br> one entry. Zoom in and search table!</strong/>",TRUE
"New","Australia Post Woden","Shop 4 15 Bowes Place","Woden","11/08/2021 - Wednesday","11:00am","12:00pm","Casual",-35.3442823,149.0857186,"",FALSE
"New","Urban Fusion Massage","165/148 Flemington Road","Harrison","11/08/2021 - Wednesday","6:15pm","8:30pm","Close",-35.2034272,149.1490981,"",FALSE
"New","Westpac Woden","Shops L06-08/3 Bradley Street","Woden","11/08/2021 - Wednesday","11:00am","12:00pm","Casual",-35.3453939,149.0861871,"",FALSE
"","7-Eleven Braddon","20 Mort Street","Braddon","11/08/2021 - Wednesday","5:00pm","5:15pm","Monitor",-35.275691,149.1316408,"<strong/>!Location has more than<br> one entry. Zoom in and search table!</strong/>",TRUE
"","Abode Hotel (Floors 1, 2 and 3)","14 Kennedy Street","Kingston","11/08/2021 - Wednesday","7:50am","11:59pm","Casual",-35.31713,149.141055,"<strong/>!Location has more than<br> one entry. Zoom in and search table!</strong/>",TRUE
"","Abode Hotel (Ground Floor only)","14 Kennedy Street","Kingston","11/08/2021 - Wednesday","7:50am","7:00pm","Monitor",-35.31713,149.141005,"<strong/>!Location has more than<br> one entry. Zoom in and search table!</strong/>",TRUE
"","Ampol Fyshwick","289 Canberra Avenue","Fyshwick","11/08/2021 - Wednesday","1:10pm","1:30pm","Casual",-35.334177,149.1699433,"",FALSE
"","Basketball ACT, Basketball & Sports Centre","42 Oatley Court","Belconnen","11/08/2021 - Wednesday","6:40am","9:00pm","Casual",-35.24185,149.05705,"<strong/>!Location has more than<br> one entry. Zoom in and search table!</strong/>",TRUE
"","Bunnings Tuggeranong","Anketell Street","Greenway","11/08/2021 - Wednesday","10:15am","10:50am","Monitor",-35.4218444,149.0711101,"",FALSE
"","Bus Route 19 Transport Canberra Code BUS412","Gungahlin to Bonner","Public Transport","11/08/2021 - Wednesday","2:25pm","5:00pm","Casual",-35.16413,149.13322,"<strong/>!Location has more than<br> one entry. Zoom in and search table!</strong/>",TRUE
"","Bus Route 20 Transport Canberra Code BUS963","Gungahlin to Bonner","Public Transport","11/08/2021 - Wednesday","3:33pm","3:52pm","Casual",-35.16413,149.13317,"<strong/>!Location has more than<br> one entry. Zoom in and search table!</strong/>",TRUE
"","Bus Route 25 Transport Canberra Code BUS428","Gungahlin to Moncrieff","Public Transport","11/08/2021 - Wednesday","4:07pm","4:20pm","Casual",-35.2809368,149.1300342,"<strong/>!Location has more than<br> one entry. Zoom in and search table!</strong/>",TRUE
"","Bus Route 26 Transport Canberra Code BUS458","Amaroo To Gungahlin","Public Transport","11/08/2021 - Wednesday","7:56am","8.04am","Casual",-35.2809368,149.1299842,"<strong/>!Location has more than<br> one entry. Zoom in and search table!</strong/>",TRUE
"","Bus Route 26 Transport Canberra Code BUS458","Moncrieff to Gungahlin","Public Transport","11/08/2021 - Wednesday","7:51am","8:04am","Casual",-35.2809368,149.1299342,"<strong/>!Location has more than<br> one entry. Zoom in and search table!</strong/>",TRUE
"","Bus Route 9 Transport Canberra Code BUS588","Dickson Interchange to Watson","Public Transport","11/08/2021 - Wednesday","3:12:pm","3:23pm","Casual",-35.250558,149.133789,"<strong/>!Location has more than<br> one entry. Zoom in and search table!</strong/>",TRUE
"","Bus Route 9 Transport Canberra Code BUS604","Watson to Dickson Interchange","Public Transport","11/08/2021 - Wednesday","8:06am","8:17am","Casual",-35.250558,149.133739,"<strong/>!Location has more than<br> one entry. Zoom in and search table!</strong/>",TRUE
"","Café Mame","2/4-6 Melba Circuit","Melba","11/08/2021 - Wednesday","8:50am","9:15am","Casual",-35.2082908,149.0485658,"",FALSE
"","Capital Chemist Green Square","62 Jardine Street","Kingston","11/08/2021 - Wednesday","12:00pm","12:15pm","Close",-35.3159461,149.1415931,"",FALSE
"","Chapman Primary After School Care Building","46-50 Perry Drive","Chapman","11/08/2021 - Wednesday","2:30pm","6:00pm","Close",-35.3563115,149.0430469,"<strong/>!Location has more than<br> one entry. Zoom in and search table!</strong/>",TRUE
"","CIT Bruce Campus (Building H only)","1 Jack Fleming Place","Bruce","11/08/2021 - Wednesday","12:30pm","4:40pm","Close",-35.2478586,149.095956,"<strong/>!Location has more than<br> one entry. Zoom in and search table!</strong/>",TRUE
"","CIT Bruce Campus (Entire Campus, refer to Close Contacts entry if attended Building H)","35 Vowels Crescent","Bruce","11/08/2021 - Wednesday","12:30pm","10:30pm","Monitor",-35.2481112,149.0946883,"<strong/>!Location has more than<br> one entry. Zoom in and search table!</strong/>",TRUE
"","CIT Reid Campus (Entire campus)","37 Constitution Avenue","Reid","11/08/2021 - Wednesday","8:45am","3:00pm","Close",-35.2860802,149.1374075,"<strong/>!Location has more than<br> one entry. Zoom in and search table!</strong/>",TRUE
"","Club Lime Gungahlin","43 Hibberson Street","Gungahlin","11/08/2021 - Wednesday","5:00am","6:30am","Close",-35.1854156,149.1360241,"",FALSE
"","Coles Manuka","Franklin Street & Flinders Way","Griffith","11/08/2021 - Wednesday","6:00pm","6:45pm","Casual",-35.3210247,149.1341946,"<strong/>!Location has more than<br> one entry. Zoom in and search table!</strong/>",TRUE
"","Coles Manuka","Franklin Street & Flinders Way","Griffith","11/08/2021 - Wednesday","12:15pm","12:40pm","Close",-35.3210247,149.1341446,"<strong/>!Location has more than<br> one entry. Zoom in and search table!</strong/>",TRUE
"","Companion House","41 Templeton Street","Cook","11/08/2021 - Wednesday","11:30am","11:45am","Close",-35.2590484,149.0615234,"",FALSE
"","Elite Supplements","13 Keltie Street","Phillip","11/08/2021 - Wednesday","11:15am","12:15pm","Casual",-35.3464688,149.0866406,"",FALSE
"","EQ Bakehouse","70 Kent Street","Deakin","11/08/2021 - Wednesday","7:00am","4:00pm","Casual",-35.3204751,149.0973981,"<strong/>!Location has more than<br> one entry. Zoom in and search table!</strong/>",TRUE
"","EQ Café and Lounge","70 Kent Street","Deakin","11/08/2021 - Wednesday","6:30am","4:00pm","Casual",-35.3204751,149.0973481,"<strong/>!Location has more than<br> one entry. Zoom in and search table!</strong/>",TRUE
"","F45 Training","10 National Circuit","Barton","11/08/2021 - Wednesday","5:00am","8:00am","Close",-35.3085945,149.1339174,"<strong/>!Location has more than<br> one entry. Zoom in and search table!</strong/>",TRUE
"","Flatheads Takeaway","Macpherson Street & Bluebell Street","O'Connor","11/08/2021 - Wednesday","12:15pm","12:30pm","Casual",-35.264,149.122,"",FALSE
"","Gelato Messina Kingston","38 Eyre Street","Kingston","11/08/2021 - Wednesday","8:00pm","8:40pm","Close",-35.3165027,149.1424717,"",FALSE
"","GGs Flowers & Hampers","Unit 3D, Farrer Shops","Farrer","11/08/2021 - Wednesday","12:15pm","2:00pm","Close",-35.3754197,149.1013801,"",FALSE
"","Gold Creek School (including early childhood learning centre)","Kelleway Avenue","Nicholls","11/08/2021 - Wednesday","8:00am","5:00pm","Close",-35.1799885,149.0941536,"<strong/>!Location has more than<br> one entry. Zoom in and search table!</strong/>",TRUE
"","Goodstart Early Learning Turner","12 Watson Street","Turner","11/08/2021 - Wednesday","10:20am","10:40am","Close",-35.2739676,149.1263286,"<strong/>!Location has more than<br> one entry. Zoom in and search table!</strong/>",TRUE
"","Goodstart Early Learning Turner","12 Watson Street","Turner","11/08/2021 - Wednesday","5:00pm","5:30pm","Close",-35.2739676,149.1262786,"<strong/>!Location has more than<br> one entry. Zoom in and search table!</strong/>",TRUE
"","Gunners Place – Youth Centre","20 Hibberson Street","Gungahlin","11/08/2021 - Wednesday","1:30pm","2:30pm","Close",-35.1852318,149.133036,"",FALSE
"","Harrison School","20 Wimmera Street","Harrison","11/08/2021 - Wednesday","8:30am","3:30pm","Close",-35.1996408,149.1522522,"<strong/>!Location has more than<br> one entry. Zoom in and search table!</strong/>",TRUE
"","Holy Sprit Catholic Primary School (including Early Childhood Learning Centre)","26 Kelleway Avenue","Nicholls","11/08/2021 - Wednesday","8:00am","5:00pm","Casual",-35.180284,149.1011686,"<strong/>!Location has more than<br> one entry. Zoom in and search table!</strong/>",TRUE
"","IGA Evatt","Heydon Place","Evatt","11/08/2021 - Wednesday","9:00am","3:00pm","Close",-35.2090949,149.0737921,"<strong/>!Location has more than<br> one entry. Zoom in and search table!</strong/>",TRUE
"","IGA Evatt","Heydon Place","Evatt","11/08/2021 - Wednesday","4:00pm","8:15pm","Close",-35.2090949,149.0737421,"<strong/>!Location has more than<br> one entry. Zoom in and search table!</strong/>",TRUE
"","IGA Melba","1/4-6 Melba Circuit","Melba","11/08/2021 - Wednesday","8:50am","9:15am","Casual",-35.2081529,149.0486515,"",FALSE
"","LDK Greenway Views","260 Soward Way","Greenway","11/08/2021 - Wednesday","12:00am","11:59pm","Close",-35.4197317,149.0631775,"<strong/>!Location has more than<br> one entry. Zoom in and search table!</strong/>",TRUE
"","Lennock Jaguar Land Rover","126 Melrose Drive","Phillip","11/08/2021 - Wednesday","8:30am","5:30pm","Close",-35.356842,149.0891491,"<strong/>!Location has more than<br> one entry. Zoom in and search table!</strong/>",TRUE
"","Light Rail - R1 Transport Canberra Code LRV004","Well Station Dr to Gunghalin","Public Transport","11/08/2021 - Wednesday","2:18pm","2:25pm","Casual",-35.209041,149.1473403,"<strong/>!Location has more than<br> one entry. Zoom in and search table!</strong/>",TRUE
"","Light Rail - R1 Transport Canberra Code LRV005","Dickson Interchange to Gungahlin","Public Transport","11/08/2021 - Wednesday","3:18pm","3:37pm","Casual",-35.250558,149.133689,"<strong/>!Location has more than<br> one entry. Zoom in and search table!</strong/>",TRUE
"","Light Rail - R1 Transport Canberra Code LRV006","Gungahlin to Dickson Interchange","Public Transport","11/08/2021 - Wednesday","8:20am","8:38am","Casual",-35.250558,149.133639,"<strong/>!Location has more than<br> one entry. Zoom in and search table!</strong/>",TRUE
"","Light Rail - R1 Transport Canberra Code LRV010","Gungahlin to Dickson Interchange","Public Transport","11/08/2021 - Wednesday","8:05am","8:22pm","Casual",-35.250558,149.133589,"<strong/>!Location has more than<br> one entry. Zoom in and search table!</strong/>",TRUE
"","Light Rail - R1 Transport Canberra Code LRV012","Dickson Interchange to Gungahlin","Public Transport","11/08/2021 - Wednesday","3:13pm","3:31pm","Casual",-35.250558,149.133539,"<strong/>!Location has more than<br> one entry. Zoom in and search table!</strong/>",TRUE
"","Lyneham High School","Goodwin Street","Lyneham","11/08/2021 - Wednesday","8:30am","3:30pm","Close",-35.2524674,149.130543,"<strong/>!Location has more than<br> one entry. Zoom in and search table!</strong/>",TRUE
"","North Canberra Business Centre","54 Vicars Street","Mitchell","11/08/2021 - Wednesday","11:10am","11:30am","Close",-35.210138,149.1443583,"",FALSE
"","Ochre Medical Centre Kingston","81 Cooyong Street","Kingston","11/08/2021 - Wednesday","4:30pm","4:40pm","Monitor",-35.3158701,149.1414428,"",FALSE
"","Pellegrino’s Café","7/49 Wollongong Street","Fyshwick","11/08/2021 - Wednesday","8:30am","8:35am","Close",-35.3247984,149.1794904,"<strong/>!Location has more than<br> one entry. Zoom in and search table!</strong/>",TRUE
"","Pellegrino’s Café","7/49 Wollongong Street","Fyshwick","11/08/2021 - Wednesday","12:00pm","1:00pm","Close",-35.3247984,149.1794404,"<strong/>!Location has more than<br> one entry. Zoom in and search table!</strong/>",TRUE
"","Power Kart Raceway","125 Canberra Avenue","Griffith","11/08/2021 - Wednesday","7:15pm","8:30pm","Close",-35.3219801,149.1498228,"<strong/>!Location has more than<br> one entry. Zoom in and search table!</strong/>",TRUE
"","Rebel Sport Woden","Shop LM2, Keltie Street","Phillip","11/08/2021 - Wednesday","11:15am","12:15pm","Casual",-35.3468472,149.0860195,"",FALSE
"","Southern Cross Basketball Stadium","7 Pitman Street","Greenway","11/08/2021 - Wednesday","6:30pm","10:00pm","Casual",-35.4155197,149.0634807,"<strong/>!Location has more than<br> one entry. Zoom in and search table!</strong/>",TRUE
"","Southern Cross Basketball Stadium","7 Pitman Street","Greenway","11/08/2021 - Wednesday","8:30pm","10:00pm","Casual",-35.4155197,149.0634307,"<strong/>!Location has more than<br> one entry. Zoom in and search table!</strong/>",TRUE
"","Southern Cross Basketball Stadium","7 Pitman Street","Greenway","11/08/2021 - Wednesday","8:30pm","9:00pm","Casual",-35.4155197,149.0633807,"<strong/>!Location has more than<br> one entry. Zoom in and search table!</strong/>",TRUE
"","Stockade Gym","7 Kembla Street","Fyshwick","11/08/2021 - Wednesday","5:00pm","6:00pm","Casual",-35.325788,149.1780479,"<strong/>!Location has more than<br> one entry. Zoom in and search table!</strong/>",TRUE
"","Subway Dickson","Shop 1/71-81 Woolley Street","Dickson","11/08/2021 - Wednesday","7:00pm","7:50pm","Close",-35.249573,149.1372542,"",FALSE
"","Supabarn Casey","15 Kingsland Parade","Casey","11/08/2021 - Wednesday","1:05pm","1:30pm","Casual",-35.1741413,149.0960254,"<strong/>!Location has more than<br> one entry. Zoom in and search table!</strong/>",TRUE
"","Sushi Island Casey","15/22 Kingsland Parade","Casey","11/08/2021 - Wednesday","1:00pm","1:10pm","Casual",-35.1744274,149.0956603,"<strong/>!Location has more than<br> one entry. Zoom in and search table!</strong/>",TRUE
"","The Bucket Warehouse","Unit 1E/5 Pelle Street","Mitchell","11/08/2021 - Wednesday","5:25pm","7:15pm","Close",-35.2103344,149.1380832,"",FALSE
"","The Civic Pub","8 Lonsdale Street","Braddon","11/08/2021 - Wednesday","5:00pm","8:30pm","Close",-35.2749938,149.1327523,"<strong/>!Location has more than<br> one entry. Zoom in and search table!</strong/>",TRUE
"","The Greenshed Mitchell","Flemington Road","Mitchell","11/08/2021 - Wednesday","9:45am","2:15pm","Monitor",-35.2135216,149.1475039,"",FALSE
"","The Rehabilitation Specialists","9/27 Yallourn Street","Fyshwick","11/08/2021 - Wednesday","2:30pm","5:00pm","Close",-35.3317345,149.1721643,"<strong/>!Location has more than<br> one entry. Zoom in and search table!</strong/>",TRUE
"","The Rehabilitation Specialists","9/27 Yallourn Street","Fyshwick","11/08/2021 - Wednesday","8:30am","9:30am","Close",-35.3317345,149.1721143,"<strong/>!Location has more than<br> one entry. Zoom in and search table!</strong/>",TRUE
"","TLE Electrical & Data supplies","22-36 Oatley Court","Belconnen","11/08/2021 - Wednesday","7:45am","8:30am","Casual",-35.241658,149.0576173,"<strong/>!Location has more than<br> one entry. Zoom in and search table!</strong/>",TRUE
"","Turkish Delight","75/71 Giles Street","Kingston","11/08/2021 - Wednesday","6:35pm","6:45pm","Close",-35.3129422,149.1457753,"",FALSE
"","UC Library","Building 8 University of Canberra","Bruce","11/08/2021 - Wednesday","8:00pm","9:00pm","Monitor",-35.2379692,149.0835982,"",FALSE
"","Woolworths Charnwood","25-30 Charnwood Place","Charnwood","11/08/2021 - Wednesday","6:30pm","7:10pm","Casual",-35.2045295,149.0328328,"<strong/>!Location has more than<br> one entry. Zoom in and search table!</strong/>",TRUE
"","Woolworths Dickson","1 Dickson Place","Dickson","11/08/2021 - Wednesday","3:00pm","3:30pm","Casual",-35.249974,149.1385751,"<strong/>!Location has more than<br> one entry. Zoom in and search table!</strong/>",TRUE
"","Woolworths Gungahlin","30 Hibberson Street","Gungahlin","11/08/2021 - Wednesday","8:00am","8:50am","Casual",-35.1846274,149.1339641,"<strong/>!Location has more than<br> one entry. Zoom in and search table!</strong/>",TRUE
"","Woolworths Gungahlin","30 Hibberson Street","Gungahlin","11/08/2021 - Wednesday","3:30pm","4:20pm","Casual",-35.1846274,149.1339141,"<strong/>!Location has more than<br> one entry. Zoom in and search table!</strong/>",TRUE
"","Xian Restaurant","1/140 Emu Bank","Belconnen","11/08/2021 - Wednesday","9:15pm","9:45pm","Casual",-35.2361045,149.0695953,"",FALSE
"","Yum Cha","Westfield Belconnen, Benjamin Way","Belconnen","11/08/2021 - Wednesday","3:00pm","4:30pm","Close",-35.2379343,149.0652428,"",FALSE
"","Club Lime CISAC (gym only)","100 Eastern Valley Way","Bruce","10/08/2021 - Tuesday","6:30pm","8:15pm","Close",-35.2419584,149.0743397,"<strong/>!Location has more than<br> one entry. Zoom in and search table!</strong/>",TRUE
"","Assembly The People’s Pub","11 Lonsdale Street","Braddon","10/08/2021 - Tuesday","7:30pm","10:15pm","Close",-35.2743976,149.1323468,"<strong/>!Location has more than<br> one entry. Zoom in and search table!</strong/>",TRUE
"","Basketball ACT, Basketball & Sports Centre","42 Oatley Court","Belconnen","10/08/2021 - Tuesday","12:00pm","3:00pm","Casual",-35.24185,149.057,"<strong/>!Location has more than<br> one entry. Zoom in and search table!</strong/>",TRUE
"","Basketball ACT, Basketball & Sports Centre","42 Oatley Court","Belconnen","10/08/2021 - Tuesday","5:50pm","7:30pm","Casual",-35.24185,149.05695,"<strong/>!Location has more than<br> one entry. Zoom in and search table!</strong/>",TRUE
"","Big W Gungahlin","Gozzard Street","Gungahlin","10/08/2021 - Tuesday","3:45pm","4:30pm","Casual",-35.1858957,149.1336219,"<strong/>!Location has more than<br> one entry. Zoom in and search table!</strong/>",TRUE
"","Bing Lee Belconnen","10-12 Cohen Street","Belconnen","10/08/2021 - Tuesday","12:50pm","1:15pm","Casual",-35.240317,149.059827,"",FALSE
"","Bus Route 20 Transport Canberra Code BUS629","Bonner to Gunghalin","Public Transport","10/08/2021 - Tuesday","7:33am","7:45am","Casual",-35.2809368,149.1298842,"<strong/>!Location has more than<br> one entry. Zoom in and search table!</strong/>",TRUE
"","Bus Route 20 Transport Canberra Code BUS933","Gungahlin to Amaroo","Public Transport","10/08/2021 - Tuesday","3:33pm","3:43pm","Casual",-35.2809368,149.1298342,"<strong/>!Location has more than<br> one entry. Zoom in and search table!</strong/>",TRUE
"","Bus Route 26 Transport Canberra Code BUS440","Amaroo To Gungahlin","Public Transport","10/08/2021 - Tuesday","7:56am","8.04am","Casual",-35.2809368,149.1297842,"<strong/>!Location has more than<br> one entry. Zoom in and search table!</strong/>",TRUE
"","Bus Route 26 Transport Canberra Code BUS440","Moncrieff to Gungahlin","Public Transport","10/08/2021 - Tuesday","7:50am","8:04am","Casual",-35.2809368,149.1297342,"<strong/>!Location has more than<br> one entry. Zoom in and search table!</strong/>",TRUE
"","Bus Route 8 Transport Canberra Code BUS629","Gungahlin to Belconnen","Public Transport","10/08/2021 - Tuesday","8:00am","8:30am","Casual",-35.2809368,149.1296842,"<strong/>!Location has more than<br> one entry. Zoom in and search table!</strong/>",TRUE
"","Capital Chemist Lyneham","76 Wattle Street","Lyneham","10/08/2021 - Tuesday","2:45pm","3:50pm","Close",-35.2524651,149.1250304,"",FALSE
"","Casey Marketplace","15 Kingsland Parade","Casey","10/08/2021 - Tuesday","3:50pm","4:20pm","Monitor",-35.17447,149.0959449,"",FALSE
"","Chapman Primary After School Care Building","46-50 Perry Drive","Chapman","10/08/2021 - Tuesday","2:30pm","6:00pm","Close",-35.3563115,149.0429969,"<strong/>!Location has more than<br> one entry. Zoom in and search table!</strong/>",TRUE
"","CIT Bruce Campus (Building H only)","1 Jack Fleming Place","Bruce","10/08/2021 - Tuesday","8:45am","4:30pm","Close",-35.2478586,149.095906,"<strong/>!Location has more than<br> one entry. Zoom in and search table!</strong/>",TRUE
"","CIT Bruce Campus (Entire Campus, refer to Close Contacts entry if attended Building H)","35 Vowels Crescent","Bruce","10/08/2021 - Tuesday","8:45am","4:30pm","Monitor",-35.2481112,149.0946383,"<strong/>!Location has more than<br> one entry. Zoom in and search table!</strong/>",TRUE
"","CIT Bruce Campus (Psych Accredited Class, Room G102)","35 Vowels Crescent","Bruce","10/08/2021 - Tuesday","6:00pm","8:00pm","Close",-35.2481112,149.0945883,"<strong/>!Location has more than<br> one entry. Zoom in and search table!</strong/>",TRUE
"","Post Office Civic Square","Shop G14-16, 148 Bunda Street","Canberra City","10/08/2021 - Tuesday","9:30am","9:50am","Casual",-35.2805531,149.1338806,"",FALSE
"","Coffee Guru Canberra Centre","Shop K05, 148 Bunda Street","Canberra City","10/08/2021 - Tuesday","12:00pm","1:00pm","Close",-35.2802271,149.1332059,"<strong/>!Location has more than<br> one entry. Zoom in and search table!</strong/>",TRUE
"","David Jones Canberra Centre","148 Bunda Street","Canberra City","10/08/2021 - Tuesday","5:15pm","6:00pm","Casual",-35.2797785,149.1328569,"",FALSE
"","Engineering House, Tenancy 7/8, level 2","11 National Circuit","Barton","10/08/2021 - Tuesday","7:00am","4:00pm","Close",-35.3084048,149.1329946,"<strong/>!Location has more than<br> one entry. Zoom in and search table!</strong/>",TRUE
"","F45 Training","10 National Circuit","Barton","10/08/2021 - Tuesday","5:00am","8:00am","Close",-35.3085945,149.1338674,"<strong/>!Location has more than<br> one entry. Zoom in and search table!</strong/>",TRUE
"","First Choice Liquor, Braddon","48 Mort Street","Braddon","10/08/2021 - Tuesday","4:25pm","4:45pm","Casual",-35.2716667,149.1319194,"<strong/>!Location has more than<br> one entry. Zoom in and search table!</strong/>",TRUE
"","Gold Creek School (including early childhood learning centre)","Kelleway Avenue","Nicholls","10/08/2021 - Tuesday","8:00am","3:10pm","Close",-35.1812815,149.1004704,"<strong/>!Location has more than<br> one entry. Zoom in and search table!</strong/>",TRUE
"","Grand Central Towers","15 Bowes Street","Phillip","10/08/2021 - Tuesday","6:00pm","9:00pm","Monitor",-35.343881,149.0868824,"<strong/>!Location has more than<br> one entry. Zoom in and search table!</strong/>",TRUE
"","Guzman y Gomez Canberra Centre","Shop EG07-07B, 148 Bunda Street","Canberra City","10/08/2021 - Tuesday","5:45pm","6:45pm","Close",-35.2786183,149.1330753,"<strong/>!Location has more than<br> one entry. Zoom in and search table!</strong/>",TRUE
"","Harvey Norman Fyshwick","Barrier Street","Fyshwick","10/08/2021 - Tuesday","10:00am","11:00am","Close",-35.3260397,149.1659681,"",FALSE
"","Holy Sprit Catholic Primary School (including Early Childhood Learning Centre)","26 Kelleway Avenue","Nicholls","10/08/2021 - Tuesday","8:00am","3:10pm","Casual",-35.180284,149.1011186,"<strong/>!Location has more than<br> one entry. Zoom in and search table!</strong/>",TRUE
"","Kmart Gungahlin","33 Hibberson Street","Gungahlin","10/08/2021 - Tuesday","3:00pm","4:00pm","Casual",-35.1848509,149.1331638,"<strong/>!Location has more than<br> one entry. Zoom in and search table!</strong/>",TRUE
"","LDK Greenway Views","260 Soward Way","Greenway","10/08/2021 - Tuesday","3:30pm","11:59pm","Close",-35.4197317,149.0631275,"<strong/>!Location has more than<br> one entry. Zoom in and search table!</strong/>",TRUE
"","Lennock Jaguar Land Rover","126 Melrose Drive","Phillip","10/08/2021 - Tuesday","8:30am","5:30pm","Close",-35.356842,149.0890991,"<strong/>!Location has more than<br> one entry. Zoom in and search table!</strong/>",TRUE
"","Light Rail - R1 Transport Canberra Code LRV003","Gungahlin to Dickson Interchange","Public Transport","10/08/2021 - Tuesday","8:20am","8:38am","Casual",-35.250558,149.133489,"<strong/>!Location has more than<br> one entry. Zoom in and search table!</strong/>",TRUE
"","Light Rail - R1 Transport Canberra Code LRV004","Gungahlin to Dickson Interchange","Public Transport","10/08/2021 - Tuesday","8:10am","8:26pm","Casual",-35.250558,149.133439,"<strong/>!Location has more than<br> one entry. Zoom in and search table!</strong/>",TRUE
"","Light Rail - R1 Transport Canberra Code LRV009","Dickson Interchange to Gungahlin","Public Transport","10/08/2021 - Tuesday","3:13pm","3:31pm","Casual",-35.250558,149.133389,"<strong/>!Location has more than<br> one entry. Zoom in and search table!</strong/>",TRUE
"","Light Rail - R1 Transport Canberra Code LRV010","Dickson Interchange to Gungahlin","Public Transport","10/08/2021 - Tuesday","3:18pm","3:37pm","Casual",-35.250558,149.133339,"<strong/>!Location has more than<br> one entry. Zoom in and search table!</strong/>",TRUE
"","Lyneham High School","Goodwin Street","Lyneham","10/08/2021 - Tuesday","8:30am","3:30pm","Close",-35.2524674,149.130493,"<strong/>!Location has more than<br> one entry. Zoom in and search table!</strong/>",TRUE
"","Metropol City","81 Cooyong Street","Canberra City","10/08/2021 - Tuesday","1:30pm","10:00pm","Casual",-35.2798731,149.136232,"",FALSE
"","Pellegrino’s Café","7/49 Wollongong Street","Fyshwick","10/08/2021 - Tuesday","7:15am","8:15am","Close",-35.3247984,149.1793904,"<strong/>!Location has more than<br> one entry. Zoom in and search table!</strong/>",TRUE
"","Seears Workwear","60 Barrier Street","Fyshwick","10/08/2021 - Tuesday","4:00pm","4:15pm","Casual",-35.3292705,149.1739102,"",FALSE
"","St Vincent de Paul","32 Buckland Street","Mitchell","10/08/2021 - Tuesday","3:30pm","4:00pm","Close",-35.2167073,149.1392156,"",FALSE
"","Stockade Training Centre","7 Kembla Street","Fyshwick","10/08/2021 - Tuesday","9:00am","11:00am","Close",-35.325788,149.1779979,"<strong/>!Location has more than<br> one entry. Zoom in and search table!</strong/>",TRUE
"","Subsdance Dance Studio","1/27-29 Eyre Street","Kingston","10/08/2021 - Tuesday","6:00pm","8:00pm","Close",-35.3163164,149.1416681,"",FALSE
"","Subway Barton","48 Macquarie Street","Barton","10/08/2021 - Tuesday","10:50am","11:20am","Casual",-35.3061111,149.1358817,"",FALSE
"","Supabarn Casey","15 Kingsland Parade","Casey","10/08/2021 - Tuesday","4:00pm","4:10pm","Casual",-35.1741413,149.0959754,"<strong/>!Location has more than<br> one entry. Zoom in and search table!</strong/>",TRUE
"","Sushi Island Casey","15/22 Kingsland Parade","Casey","10/08/2021 - Tuesday","4:00pm","4:15pm","Casual",-35.1744274,149.0956103,"<strong/>!Location has more than<br> one entry. Zoom in and search table!</strong/>",TRUE
"","Urban Pantry","5 Bougainville Street","Griffith","10/08/2021 - Tuesday","10:30am","1:00pm","Close",-35.320762,149.13243,"",FALSE
"","Westfield Belconnen - bus stop entrance","Westfield Belconnen, Benjamin Way","Belconnen","10/08/2021 - Tuesday","7:45am","8:45am","Monitor",-35.2380765,149.0647672,"<strong/>!Location has more than<br> one entry. Zoom in and search table!</strong/>",TRUE
"","Woolworths Kippax","48 Hardwick Crescent","Holt","10/08/2021 - Tuesday","11:00am","11:15am","Monitor",-35.2228703,149.0201727,"",FALSE
"","Woolworths Phillip","Westfield Woden, Hindmarsh Drive & Melrose Drive","Phillip","10/08/2021 - Tuesday","5:30pm","6:30pm","Monitor",-35.3463199,149.0860576,"",FALSE
"","Club Lime CISAC (gym only)","100 Eastern Valley Way","Bruce","09/08/2021 - Monday","7:00pm","9:00pm","Close",-35.2419584,149.0742897,"<strong/>!Location has more than<br> one entry. Zoom in and search table!</strong/>",TRUE
"","Al Manoosh Bakery","47 Mawson Place","Mawson","09/08/2021 - Monday","12:00pm","1:00pm","Close",-35.3654919,149.0950226,"<strong/>!Location has more than<br> one entry. Zoom in and search table!</strong/>",TRUE
"","Bunnings Canberra Airport","971 Majura Road","Majura Park","09/08/2021 - Monday","9:00am","10:30am","Casual",-35.293175,149.191257,"",FALSE
"","Bus Route 30 Transport Canberra Code BUS351","148 Bunda Street","Public Transport","09/08/2021 - Monday","3:43pm","4:10pm","Casual",-35.2802938,149.1331887,"<strong/>!Location has more than<br> one entry. Zoom in and search table!</strong/>",TRUE
"","Al Manoosh Bakery","47 Mawson Place","Public Transport","09/08/2021 - Monday","1:00pm","1:15pm","Casual",-35.3654919,149.0949726,"<strong/>!Location has more than<br> one entry. Zoom in and search table!</strong/>",TRUE
"","ALDI Belconnen","Westfield Belconnen, Benjamin Way","Public Transport","09/08/2021 - Monday","4:00pm","4:15pm","Casual",-35.2380765,149.0647172,"<strong/>!Location has more than<br> one entry. Zoom in and search table!</strong/>",TRUE
"","Subway and Food Court, Canberra Centre","148 Bunda Street","Canberra City","09/08/2021 - Monday","10:30am","12:00pm","Casual",-35.2802271,149.1331559,"<strong/>!Location has more than<br> one entry. Zoom in and search table!</strong/>",TRUE
"","Canberra Centre","148 Bunda Street","Canberra City","09/08/2021 - Monday","10:30am","12:00pm","Monitor",-35.2802938,149.1331387,"<strong/>!Location has more than<br> one entry. Zoom in and search table!</strong/>",TRUE
"","Club Lime Mawson","Mawson Drive","Mawson","09/08/2021 - Monday","4:30pm","6:30pm","Close",-35.3652383,149.0944679,"",FALSE
"","Club Lime Phillip","Bradley Street","Phillip","09/08/2021 - Monday","5:30pm","7:30pm","Close",-35.3460021,149.0875902,"",FALSE
"","Engineering House, Tenancy 7/8, level 2","11 National Circuit","Barton","09/08/2021 - Monday","6:15am","3:30pm","Close",-35.3084048,149.1329446,"<strong/>!Location has more than<br> one entry. Zoom in and search table!</strong/>",TRUE
"","Gold Creek School (including early childhood learning centre)","Kelleway Avenue","Nicholls","09/08/2021 - Monday","8:25am","5:00pm","Close",-35.1812815,149.1004204,"<strong/>!Location has more than<br> one entry. Zoom in and search table!</strong/>",TRUE
"","Gold Creek School, Senior Campus Gym","Kelleway Avenue","Nicholls","09/08/2021 - Monday","5:00pm","9:30pm","Close",-35.1799885,149.0941036,"<strong/>!Location has more than<br> one entry. Zoom in and search table!</strong/>",TRUE
"","Gold Creek School, Senior Campus Gym","Kelleway Avenue","Nicholls","09/08/2021 - Monday","5:00pm","10:00pm","Close",-35.1799885,149.0940536,"<strong/>!Location has more than<br> one entry. Zoom in and search table!</strong/>",TRUE
"","Holy Sprit Catholic Primary School (including Early Childhood Learning Centre)","26 Kelleway Avenue","Nicholls","09/08/2021 - Monday","8:25am","5:00pm","Casual",-35.180284,149.1010686,"<strong/>!Location has more than<br> one entry. Zoom in and search table!</strong/>",TRUE
"","Instrumental Music Program (IMP) Rehearsal Room, UC High School Kaleen","Baldwin Drive","Kaleen","09/08/2021 - Monday","4:00pm","6:00pm","Close",-35.2252261,149.1014353,"",FALSE
"","KFC Dickson","Bradham Street and Wooley Street","Dickson","09/08/2021 - Monday","3:00pm","4:00pm","Casual",-35.2495219,149.1375976,"",FALSE
"","Lennock Jaguar Land Rover","126 Melrose Drive","Phillip","09/08/2021 - Monday","8:30am","5:30pm","Close",-35.356842,149.0890491,"<strong/>!Location has more than<br> one entry. Zoom in and search table!</strong/>",TRUE
"","Lyneham High School","Goodwin Street","Lyneham","09/08/2021 - Monday","8:30am","3:30pm","Close",-35.2524674,149.130443,"<strong/>!Location has more than<br> one entry. Zoom in and search table!</strong/>",TRUE
"","Mugga Site - Mugga Lane Resource Management Centre Waste Transfer Station","Mugga Lane","Symonston","09/08/2021 - Monday","10:00am","10:30am","Casual",-35.3847055,149.1381353,"",FALSE
"","Officeworks Braddon","30 Mort Street","Braddon","09/08/2021 - Monday","3:15pm","4:00pm","Casual",-35.2742758,149.1314656,"",FALSE
"","St George Bank Fyshwick","58 Wollongong Street","Fyshwick","09/08/2021 - Monday","10:35am","11:00am","Casual",-35.3249107,149.1798216,"",FALSE
"","Stockade Training Centre","7 Kembla Street","Fyshwick","09/08/2021 - Monday","3:45pm","5:30pm","Casual",-35.325788,149.1779479,"<strong/>!Location has more than<br> one entry. Zoom in and search table!</strong/>",TRUE
"","Stockade Training Centre","7 Kembla Street","Fyshwick","09/08/2021 - Monday","7:30am","1:00pm","Close",-35.325788,149.1778979,"<strong/>!Location has more than<br> one entry. Zoom in and search table!</strong/>",TRUE
"","The Civic Pub","8 Lonsdale Street","Braddon","09/08/2021 - Monday","3:45pm","9:45pm","Close",-35.2749938,149.1327023,"<strong/>!Location has more than<br> one entry. Zoom in and search table!</strong/>",TRUE
"","UCSSC Lake Ginninderra (Entire Campus excluding Gymnasium and Cafeteria/Canteen area. Refer to Close Contact entry if you attended Gymnasium and Cafeteria/Canteen area)","2 Emu Bank","Belconnen","09/08/2021 - Monday","10:00am","1:30pm","Monitor",-35.2387098,149.0737349,"<strong/>!Location has more than<br> one entry. Zoom in and search table!</strong/>",TRUE
"","UCSSC Lake Ginninderra (Gymnasium and Cafeteria/Canteen area)","2 Emu Bank","Belconnen","09/08/2021 - Monday","10:00am","1:30pm","Close",-35.2387098,149.0736849,"<strong/>!Location has more than<br> one entry. Zoom in and search table!</strong/>",TRUE
"","Woolworths Dickson","1 Dickson Place","Dickson","09/08/2021 - Monday","3:00pm","4:00pm","Casual",-35.249974,149.1385251,"<strong/>!Location has more than<br> one entry. Zoom in and search table!</strong/>",TRUE
"","UCSSC Lake Ginninderra (Gymnasium and Cafeteria/Canteen area)","2 Emu Bank","Belconnen","09/08/2021 - Monday","10:00am","1:30pm","Close",-35.2387098,149.0736349,"<strong/>!Location has more than<br> one entry. Zoom in and search table!</strong/>",TRUE
"","Assembly The People’s Pub","11 Lonsdale Street","Braddon","08/08/2021 - Sunday","8:00pm","9:00pm","Close",-35.2743976,149.1322968,"<strong/>!Location has more than<br> one entry. Zoom in and search table!</strong/>",TRUE
"","Boost Juice Canberra Outlet Centre","337 Canberra Avenue","Fyshwick","08/08/2021 - Sunday","1:35pm","2:05pm","Casual",-35.3366664,149.1784798,"<strong/>!Location has more than<br> one entry. Zoom in and search table!</strong/>",TRUE
"","Canberra Centre","377 Canberra Avenue","Fyshwick","08/08/2021 - Sunday","2:00pm","3:30pm","Monitor",-35.3367296,149.1786231,"",FALSE
"","Central Food Court, Canberra Outlet Centre","337 Canberra Avenue","Fyshwick","08/08/2021 - Sunday","1:30pm","2:30pm","Casual",-35.3366664,149.1784298,"<strong/>!Location has more than<br> one entry. Zoom in and search table!</strong/>",TRUE
"","Coles Amaroo","Horse Park Drive","Amaroo","08/08/2021 - Sunday","4:00pm","4:20pm","Casual",-35.1646128,149.1317566,"<strong/>!Location has more than<br> one entry. Zoom in and search table!</strong/>",TRUE
"","Downer Community Centre","6 Frencham Place","Downer","08/08/2021 - Sunday","1:00pm","6:00pm","Close",-35.2448948,149.1445996,"",FALSE
"","Freedom Furniture Canberra Outlet Centre","T27, 337 Canberra Avenue","Fyshwick","08/08/2021 - Sunday","2:00pm","2:20pm","Close",-35.3367379,149.1787327,"<strong/>!Location has more than<br> one entry. Zoom in and search table!</strong/>",TRUE
"","JB HiFi Canberra Outlet Centre","T26, 337 Canberra Avenue","Fyshwick","08/08/2021 - Sunday","2:15pm","2:55pm","Close",-35.3366103,149.1783856,"",FALSE
"","TK Maxx Canberra Outlet Centre","X20, 337 Canberra Avenue","Fyshwick","08/08/2021 - Sunday","3:10pm","3:40pm","Close",-35.3367379,149.1786827,"<strong/>!Location has more than<br> one entry. Zoom in and search table!</strong/>",TRUE
"","U14 girls AFL Ainslie Red vs Belconnen Black","Aranda Playing Fields","Aranda","08/08/2021 - Sunday","9:00am","11:30am","Monitor",-35.2536251,149.0800225,"",FALSE
"","Windsor Smith Canberra Outlet Centre","T103, 337 Canberra Avenue","Fyshwick","08/08/2021 - Sunday","2:45pm","3:15pm","Close",-35.3367379,149.1786327,"<strong/>!Location has more than<br> one entry. Zoom in and search table!</strong/>",TRUE
"","Fiction Bar","50 Bunda Street","Canberra City","08/08/2021 - Saturday","12:00am","4:45am","Close",-35.2778169,149.1316544,"<strong/>!Location has more than<br> one entry. Zoom in and search table!</strong/>",TRUE
"","Assembly The People's Pub","11 Lonsdale Street","Braddon","07/08/2021 - Saturday","7:00pm","11:59pm","Investigation information",-35.2743976,149.1322468,"<strong/>!Location has more than<br> one entry. Zoom in and search table!</strong/>",TRUE
"","Fiction Bar","50 Bunda Street","Canberra City","07/08/2021 - Saturday","9:00pm","11:59pm","Close",-35.2778169,149.1316044,"<strong/>!Location has more than<br> one entry. Zoom in and search table!</strong/>",TRUE
